{"cameraMode":{"drawMode":0,"name":"Shaded","section":"Shading Mode"},"sceneLighting":false,"audioPlay":false,"sceneViewState":{"showFog":true,"showMaterialUpdate":false,"showSkybox":false,"showFlares":true,"showImageEffects":true,"showParticleSystems":true},"in2DMode":false,"pivot":{"x":-0.016428709030151368,"y":1.3740838766098023,"z":-0.00965583324432373},"rotation":{"x":-0.17237311601638795,"y":0.6516115069389343,"z":-0.15553562343120576,"w":-0.7221486568450928},"size":7.670853614807129,"orthographic":false}